test_index,label,pred_clean,pred_noisy,ssim
1,8,8,8,0.9960905143318797
27,0,0,0,0.9938065943104275
36,4,4,4,0.9958680055197879
38,9,9,9,0.9996172305218567
40,4,4,4,0.9932976657822288
42,5,5,5,0.9976575452195117
47,9,9,9,0.9957883133161702
53,3,3,3,0.9872419764480648
66,1,1,1,0.9985445182351671
86,2,2,2,0.9924932878751022
91,3,3,3,0.9872317137802846
108,8,8,8,0.9757015886744098
141,5,5,5,0.9945470985223556
190,5,5,5,0.99366833957342
195,2,2,2,0.9911093584002828
206,0,0,0,0.9938771850787677
218,8,8,8,0.9824007587320001
236,4,4,4,0.9955786445437098
284,0,0,0,0.9582304956292259
305,1,1,1,0.9859596339203197
315,0,0,0,0.9867168335166908
333,6,6,6,0.9926453032613506
343,5,5,5,0.9600918418645153
347,6,6,6,0.9945128741701679
361,5,5,5,0.9989993213372823
364,9,9,9,0.9983529191045366
392,6,6,6,0.9945421842252009
395,6,6,6,0.9726597230286288
396,2,2,2,0.9927804369545548
398,0,0,0,0.9460796276493185
403,8,8,8,0.9960754766795762
410,7,7,7,0.9986681115521482
415,9,9,9,0.9989500736167445
435,7,7,7,0.9968968135189022
440,1,1,1,0.9993711736427962
446,5,5,5,0.9826620131201999
452,7,7,7,0.9986221307128139
471,7,7,7,0.9975862680278587
472,8,8,8,0.9990221799830713
477,0,0,0,0.9724727766753654
485,9,9,9,0.8214279642692331
495,8,8,8,0.9942996016091848
498,2,2,2,0.9992945660677182
501,6,6,6,0.9901524544114897
508,9,9,9,0.9367947059093847
515,3,3,3,0.993202388022073
517,9,9,9,0.9984899744303268
531,0,0,8,0.12541905257054578
538,9,9,9,0.9181934277686847
541,7,7,7,0.978318320928946
543,7,7,7,0.9931110768804888
556,6,6,6,0.9766504227586047
561,7,7,7,0.9982212459194589
576,8,8,8,0.9807836990913695
579,5,5,5,0.9961969783672919
595,4,4,4,0.9798602182307893
645,1,1,1,0.9992444974607264
647,4,4,4,0.9462942985387949
652,5,5,5,0.9964249845616211
663,6,6,6,0.9199833603652977
672,6,6,6,0.9798753633654329
689,0,0,0,0.8922236612474425
726,1,1,1,0.9960007929413982
732,7,7,7,0.9981531190448965
745,7,7,7,0.9959556097991368
785,0,0,0,0.9904597199703815
791,0,0,0,0.9813438505816037
826,7,7,7,0.9961360241534442
847,0,0,0,0.9500023894585096
858,7,7,7,0.995916004011617
927,6,6,6,0.9954784721488783
945,3,3,3,0.9927619252155518
953,1,1,1,0.988247926771288
1017,6,6,6,0.9982983051143455
1021,1,1,1,0.9982410455949208
1039,2,2,2,0.9807205522025125
1041,5,5,5,0.9958081116690438
1052,0,0,0,0.991937135803629
1071,6,6,6,0.9988580920110793
1078,0,0,0,0.9982910418122478
1081,6,6,6,0.9939702252840855
1083,2,2,2,0.9934292420656723
1084,5,5,5,0.9666653942956022
1086,4,4,4,0.9966042383888064
1109,0,0,0,0.9938740821103372
1146,2,2,2,0.9921114475593059
1152,0,0,0,0.9760024826202167
1155,9,9,9,0.9976909101538404
1157,7,7,7,0.9895950580489706
1167,4,4,3,-0.11024191266262437
1180,3,3,3,0.9727621884388331
1185,1,1,1,0.956270851591635
1188,0,0,0,0.9880575114453333
1194,4,4,4,0.9983686841803895
1208,3,3,3,0.9943757514805484
1253,8,8,8,0.9880777714696861
1258,1,1,1,0.9986711425717766
1260,1,1,1,0.9990750441889791
1262,8,8,8,0.9877953554046225
1271,8,8,8,0.9973937034959623
1285,9,9,9,0.9789820350486146
1290,5,5,5,0.9989469214480304
1310,0,0,0,0.9794810685004003
1363,1,1,1,0.999391551818368
1365,0,0,0,0.9777426936570004
1380,4,4,4,0.9933457759005078
1409,0,0,0,0.9963470059033681
1416,3,3,3,0.9594736858408832
1436,6,6,6,0.9252390453272318
1452,6,6,6,0.9994496478307882
1462,4,4,4,0.862320355233356
1476,7,7,7,0.9968917890060582
1477,7,7,7,0.9987379020664113
1501,2,2,2,0.9370522619880868
1502,2,2,2,0.9731177005189411
1503,4,4,4,0.9931175012207596
1512,8,8,8,0.9817132809634744
1519,6,6,6,0.9933873343573519
1524,3,3,3,0.9935401095264762
1527,5,5,5,0.995594132581406
1547,2,2,2,0.9711345425371588
1559,5,5,5,0.9928017975486947
1571,5,5,5,0.9604209786688788
1576,7,7,7,0.9950035179155112
1580,6,6,6,0.9903986177148199
1609,4,4,4,0.9915617688520421
1634,6,6,6,0.9668589010393831
1648,8,8,8,0.9583536752405957
1649,5,5,2,0.010314956065022784
1675,5,5,5,0.9569018527248202
1679,7,7,7,0.9940048262212403
1681,5,5,3,0.4748489099941161
1709,2,2,2,0.9959533336247213
1750,8,8,8,0.9540866730657555
1751,1,1,1,0.999757504851155
1759,5,5,5,0.9970598508267713
1785,0,0,0,0.98885291259317
1788,3,3,3,0.7057346424154012
1797,1,1,1,0.9967049062252045
1821,4,4,4,0.9915679344058742
1832,6,6,6,0.944267644111574
1843,8,8,8,0.9994326426961718
1855,5,5,5,0.99311499958913
1867,6,6,6,0.9705979043739081
1874,8,8,8,0.9924983284353505
1902,0,0,0,0.9334443685923808
1903,0,0,0,0.9459613764427117
1919,4,4,4,0.9979277932961311
1922,5,5,5,0.9985417243115295
1959,0,0,0,0.9861640163074584
1966,7,7,7,0.9981004130205459
1967,7,7,7,0.9978781870659992
1976,5,5,5,0.9981762832085762
1986,4,4,4,0.984262268483286
1987,9,9,9,0.9992529042726438
1992,6,6,6,0.999463530775358
1997,9,9,9,0.9921046230038242
2007,8,8,8,0.9960267101166517
2008,9,9,9,0.998689530163827
2034,3,3,3,0.9798103977413573
2039,8,8,8,0.998902768337515
2041,0,0,0,0.9103447490718943
2042,1,1,1,0.9981707231356547
2056,5,5,5,0.9980370403217846
2067,7,7,7,0.9914524452926139
2077,0,0,0,0.9982158947273119
2089,7,7,7,0.9983101905979348
2093,6,6,6,0.9977251981666102
2094,5,5,5,0.9971141962433708
2115,5,5,5,0.9935888964572602
2120,4,4,4,0.9650766929754844
2143,9,9,9,0.9973416675830028
2163,7,7,7,0.9952746055711655
2166,0,0,0,0.9951965378586357
2177,9,9,9,0.9992762627686269
2180,4,4,4,0.9854221358101749
2184,9,9,9,0.9992746668454457
2201,5,5,5,0.9681399184218525
2221,2,2,2,0.9939190226899096
2223,8,8,8,0.994300314925126
2245,8,8,8,0.9471878611300824
2281,5,5,5,0.9970942844124235
2286,3,3,3,0.9366000868688674
2292,5,5,5,0.9903952846160302
2296,9,9,9,0.9978599836664087
2310,6,6,6,0.9883734599725734
2312,2,2,2,0.9983874697833371
2316,5,5,5,0.9177808624929225
2334,1,1,1,0.9971107190706321
2340,7,7,7,0.9953660865330837
2346,1,1,1,0.9996764157298048
2366,9,9,9,0.9971680273494777
2370,0,0,0,0.9885223559021244
2377,6,6,6,0.9924853183108674
2382,9,9,9,0.9985120411984314
2401,3,3,3,0.9459738985321225
2402,9,9,9,0.9995857185336965
2421,8,8,8,0.9708440224447193
2424,8,8,8,0.9844737142853482
2474,6,6,6,0.9975575366492807
2475,6,6,6,0.9849988727350912
2484,1,1,1,0.9979777987715761
2498,3,3,3,0.9981599597359551
2512,2,2,2,0.9978462827099851
2529,3,3,3,0.9752555318485351
2555,7,7,7,0.9957015182844986
2563,2,2,2,0.9502014411095332
2579,8,8,8,0.9934240357410273
2602,6,6,6,0.9982720135584385
2614,0,0,0,0.9896634902650788
2615,7,7,7,0.9987060288353079
2617,3,3,3,0.9984869678344952
2660,3,3,3,0.9926620214824846
2686,7,7,7,0.9969248386353431
2692,8,8,8,0.964803153329347
2696,2,2,2,0.9881836227940385
2698,3,3,3,0.9779353027160351
2708,4,4,4,0.9860749324045238
2714,9,9,9,0.9858628089964037
2715,0,0,0,0.9938651338307816
2716,5,5,5,0.9834823425881256
2733,3,3,3,0.9986625335801987
2745,8,8,8,0.9962960113964138
2759,3,3,3,0.9959354410333746
2787,3,3,3,0.979549547007098
2796,7,7,7,0.9975588721989175
2811,2,2,2,0.9655617815855693
2813,1,1,1,0.997243236067027
2819,1,1,1,0.9990919821361113
2825,2,2,2,0.9482153664679217
2827,5,5,5,0.982681794632116
2839,2,2,2,0.9975163136008223
2872,1,1,1,0.9971774059110845
2880,4,4,4,0.9975795805806944
2886,6,6,6,0.9753266181466143
2888,7,7,7,0.9914728336080292
2892,0,0,0,0.9929064303283861
2897,3,3,3,0.9924532857519635
2901,2,2,2,0.9973771306713657
2909,0,0,0,0.8710074094317016
2919,8,8,8,0.9924690687268444
2945,7,7,7,0.9982184791529672
2974,9,9,9,0.9178214965487373
3004,4,4,4,0.9983678491863274
3008,8,8,8,0.9963750207036205
3009,7,7,7,0.9754544680816888
3014,6,6,6,0.9922990435679283
3043,4,4,4,0.9634889196714705
3055,9,9,9,0.992515996363036
3062,9,9,9,0.9977787152902614
3080,1,1,1,0.9993337467753676
3086,9,9,9,0.9900695542259329
3092,5,5,5,0.9971076327668139
3096,7,7,7,0.9963108290582013
3133,9,9,9,0.9992889269921906
3143,3,3,3,0.9820071568150492
3161,9,9,9,0.9996809738980242
3195,5,5,5,0.9828327143862403
3201,6,6,6,0.9957001560185788
3216,4,4,4,0.9333478154603546
3240,4,4,0,-0.10199664926268168
3261,0,0,0,0.988998721601695
3265,8,8,8,0.9902878398373283
3276,4,4,4,0.9946009606652005
3284,4,4,4,0.9936070025143539
3299,0,0,0,0.7967321878442397
3313,2,2,2,0.9971877772074479
3337,7,7,7,0.9976097583418062
3364,4,4,4,0.8830556070608412
3370,1,1,1,0.9989800978694442
3382,2,2,2,0.9871548490058741
3385,8,8,8,0.9971605135491614
3394,1,1,1,0.9996452750362588
3414,3,3,3,0.9699035007396394
3430,8,8,8,0.9992196227495487
3436,4,4,4,0.9702318423598476
3447,4,4,4,0.6135417101227957
3454,2,2,2,0.9978265086927357
3458,5,5,5,0.9728241589295088
3463,3,3,3,0.9279313467487076
3465,6,6,6,0.9987879583292459
3475,0,0,2,0.7173419148170737
3477,6,6,6,0.996550574281512
3481,7,7,7,0.9913663749511425
3489,3,3,3,0.8811496341237303
3492,9,9,9,0.9848551483902
3495,2,2,2,0.9830231669210118
3499,0,0,0,0.9884597644121689
3511,0,0,0,0.9939130309241764
3522,2,2,2,0.9945094454923326
3525,2,2,2,0.9672214852634972
3526,4,4,4,0.9986136926878133
3534,2,2,2,0.9961862810088332
3546,5,5,5,0.9921975171072244
3559,4,4,4,0.9955990060546694
3562,8,8,8,0.9957166356447886
3567,6,6,6,0.9989134741605387
3577,9,9,9,0.9920674155097036
3579,1,1,1,0.9967653312273985
3582,6,6,6,0.998846775769482
3585,8,8,8,0.9913082940162287
3586,8,8,8,0.99781192989039
3589,7,7,7,0.9962010194034971
3590,7,7,7,0.998415183121636
3606,3,3,3,0.9944019968340383
3640,6,6,6,0.9978808005885965
3641,8,8,8,0.9994407744097287
3648,7,7,7,0.9950862223580039
3650,0,0,0,0.971966967427519
3659,6,6,6,0.9982448206145382
3667,5,5,5,0.998604792285953
3673,2,2,2,0.9912260562710508
3676,9,9,9,0.9715203345703656
3681,2,2,2,0.9918465831223324
3685,2,2,2,0.9965337011412051
3688,5,5,5,0.9693994220544601
3690,9,9,9,0.9943592969835158
3693,6,6,6,0.9845898139935273
3705,8,8,8,0.9980523664746764
3731,6,6,6,0.9863065386841283
3734,7,7,7,0.9760604107520989
3758,2,2,2,0.9958395164393814
3771,2,2,2,0.9531409048293469
3784,5,5,5,0.9985875968749707
3805,9,9,9,0.9994699440940598
3806,5,5,5,0.9331806787901377
3815,2,2,2,0.9909605874112372
3826,1,1,1,0.9992273411983569
3829,8,8,8,0.7645412779154157
3848,8,8,8,0.8756527276874999
3849,5,5,5,0.9623169777308695
3853,9,9,9,0.9936078164351763
3856,9,9,9,0.9990771938357833
3857,1,1,1,0.9982967102492349
3858,8,8,8,0.9763162068185016
3861,6,6,6,0.9995210288015343
3862,4,4,4,0.9561226873179159
3869,8,8,8,0.958655380726566
3871,8,8,8,0.9978528979438297
3876,7,7,7,0.9978379376188538
3877,4,4,4,0.9980408537846345
3909,5,5,5,0.9942824979858286
3912,8,8,8,0.9809450242646347
3926,9,9,9,0.9994059113355783
3934,2,2,2,0.9951820377062058
3935,4,4,4,0.9870785064774857
3939,9,9,9,0.9945577813323433
3945,5,5,5,0.9875022323702919
3954,5,5,5,0.9731625277967848
3958,9,9,9,0.994207417471169
3959,5,5,5,0.9963209156453963
3962,4,4,4,0.9968007022636176
3969,2,2,2,0.8234223668303715
3981,5,5,8,-0.11384674792162304
3984,6,6,6,0.9854177734731923
4004,0,0,0,0.9973602860989655
4008,8,8,8,0.9963370555427653
4010,7,7,7,0.9950332552547285
4011,7,7,7,0.9850136386395911
4019,7,7,7,0.991331130178017
4035,2,2,2,0.9977461253044874
4039,7,7,7,0.997455666139281
4058,7,7,7,0.984607773419668
4064,7,7,7,0.9968265692686894
4078,5,5,5,0.9910295944242082
4096,8,8,8,0.9963244166247238
4100,7,7,7,0.995579888217548
4121,5,5,5,0.8555875133348287
4133,2,2,2,0.9835036932187673
4146,2,2,2,0.947938040317692
4149,9,9,9,0.9973295308076419
4181,0,0,0,0.9932974855575336
4194,0,0,0,0.9940462421912414
4200,4,4,4,0.9974020206363949
4205,4,4,4,0.9952379644975154
4213,4,4,4,0.9956089850713515
4214,7,7,7,0.9711720203683221
4216,0,0,0,0.9292949630311255
4218,9,9,9,0.998691070097438
4223,8,8,8,0.9962969358856156
4237,1,1,1,0.9979191714313609
4240,7,7,7,0.9971521883850267
4257,6,6,6,0.9939926976459266
4259,5,5,5,0.9888943397610851
4278,1,1,1,0.9997185839880147
4288,1,1,1,0.9991521524078042
4298,9,9,9,0.9963546324763778
4310,4,4,4,0.9983293751816777
4323,5,5,5,0.9986544038064381
4326,7,7,7,0.9950869593923614
4336,9,9,9,0.9984042715920499
4339,7,7,7,0.9988546630687262
4345,6,6,6,0.974256889707238
4371,1,1,1,0.9985719943893027
4373,0,0,0,0.9922454704547069
4378,1,1,1,0.9967726568674901
4392,5,5,5,0.9925716704518132
4397,8,8,8,0.9819971249830088
4400,3,3,3,0.9887534140129767
4408,0,0,0,0.7900373094974185
4424,1,1,1,0.9988226611056977
4426,0,0,0,0.9606366176488836
4428,8,8,8,0.9438763542552672
4449,9,9,9,0.9952057954475019
4465,6,6,6,0.9921336971091096
4478,1,1,1,0.9736127832232142
4506,1,1,1,0.9980844921437946
4508,9,9,9,0.9974295836404936
4509,7,7,7,0.9977478820544022
4520,3,3,3,0.9761893770398473
4521,9,9,9,0.958470797838544
4525,0,0,0,0.9895024376331701
4534,2,2,2,0.9994897829181344
4539,8,8,8,0.9765964609807765
4548,0,0,0,0.9865830047772481
4553,3,3,3,0.9310594508810156
4556,2,2,8,-0.1764458948117965
4564,4,4,4,0.998351105483326
4578,4,4,4,0.9970672407446528
4614,3,3,3,0.9907659942052773
4637,3,3,3,0.9896297536834457
4686,0,0,8,0.41845176132366935
4693,4,4,4,0.9959984739151226
4694,7,7,7,0.9926802575940916
4695,8,8,8,0.9787859531372962
4703,4,4,4,0.9718148110533608
4713,1,1,1,0.9996276416722134
4755,1,1,1,0.998904795953508
4768,9,9,9,0.9986534383169998
4782,2,2,2,0.99962933696586
4790,1,1,1,0.9988036466068064
4791,9,9,8,0.5336520456469248
4818,3,3,3,0.9970077019647734
4819,5,5,5,0.9962698072195053
4835,9,9,9,0.9948075509812
4836,9,9,9,0.9965548930612541
4844,5,5,5,0.9755629172339242
4863,1,1,1,0.9994434156185071
4865,8,8,8,0.9947329963276372
4876,3,3,3,0.9835408507190513
4881,8,8,8,0.9789730561731835
4882,6,6,6,0.9787502014601724
4887,5,5,5,0.987931228512843
4889,4,4,4,0.9985627336262246
4901,0,0,0,0.961028887410841
4918,3,3,3,0.9991106441211418
4984,7,7,7,0.9929824109966233
4986,8,8,8,0.993335445957071
5000,7,7,7,0.9976811436330073
5008,4,4,4,0.9980681259956585
5020,8,8,8,0.9928931788756297
5028,9,9,9,0.9948879463609154
5049,7,7,7,0.9933088383907397
5067,9,9,9,0.9991032755410177
5075,6,6,6,0.9975724878043113
5078,8,8,8,0.997319638023715
5079,1,1,1,0.9986228627213359
5100,3,3,3,0.9952521034070021
5101,5,5,5,0.988924332888874
5111,6,6,6,0.996504982371302
5113,6,6,6,0.996644496829552
5139,6,6,6,0.9989673706025062
5161,3,3,3,0.9982700265018192
5163,5,5,5,0.9974210003953008
5183,4,4,4,0.9506287233540293
5184,4,4,4,0.9756139003666195
5189,0,0,0,0.7235935728269569
5192,9,9,9,0.9975331540291126
5195,4,4,4,0.9699981351046872
5207,8,8,8,0.9799620164392968
5212,5,5,5,0.9716321713120274
5240,1,1,1,0.9778200403825771
5248,9,9,9,0.9963425691487521
5263,8,8,8,0.9877723490698098
5285,1,1,1,0.9981066627791647
5311,9,9,9,0.9916381598753337
5317,4,4,4,0.994540604173079
5332,9,9,9,0.9978362469101799
5358,1,1,1,0.9963261417206928
5361,3,3,3,0.940979616793655
5374,0,0,0,0.9806929061398704
5376,5,5,5,0.9962356291579072
5386,1,1,1,0.9994084520276482
5403,7,7,7,0.9988274822926381
5413,3,3,3,0.9911447252923921
5435,7,7,7,0.9714664542639749
5441,5,5,5,0.9766646676514981
5458,3,3,6,-0.08224825445342729
5460,0,0,0,0.9947791169204655
5482,5,5,5,0.9889309887702649
5505,4,4,4,0.9992712996238787
5509,7,7,7,0.9853111914629061
5530,3,3,3,0.9295070616076507
5540,5,5,5,0.9957938311544395
5541,7,7,7,0.996932775928424
5552,5,5,5,0.9986219668000408
5562,4,4,4,0.9682901779399116
5569,0,0,0,0.9808115646154922
5591,5,5,5,0.9982804881750479
5594,9,9,9,0.9991886445580149
5603,5,5,5,0.9853560638850962
5604,1,1,1,0.9993229032268186
5614,8,8,8,0.9909638721914686
5643,5,5,5,0.9948874994142521
5645,5,5,5,0.9912323466772158
5656,3,3,3,0.9744639812841923
5678,1,1,1,0.933938026009403
5684,7,7,7,0.9966365534525651
5688,8,8,8,0.9815280565319682
5703,0,0,0,0.9766256990870075
5708,2,2,2,0.6359376162998365
5709,2,2,2,0.7625599078208583
5715,6,6,6,0.9891961293636694
5723,1,1,1,0.9947416403237179
5758,8,8,8,0.9965648796607757
5776,5,5,5,0.9983011724857184
5777,8,8,8,0.9956614527652955
5787,0,0,0,0.9820879844166118
5815,3,3,3,0.8868896209100294
5817,3,3,3,0.9761183148128747
5821,8,8,8,0.9194016491873025
5835,3,3,3,0.6280161759336672
5837,2,2,2,0.9811222830114985
5862,2,2,2,0.9283481512725706
5866,4,4,4,0.999078643392529
5870,7,7,7,0.9305297943967334
5904,7,7,7,0.9877851757953858
5926,4,4,4,0.9970181252829422
5937,1,1,1,0.9973302047104525
5977,6,6,6,0.9862086020806837
5986,3,3,3,0.9860399349554051
6001,0,0,0,0.9860238214216289
6007,6,6,6,0.9974160023342223
6025,6,6,6,0.9772353681939594
6030,8,8,8,0.9926387901313206
6032,4,4,4,0.9784943720645453
6039,8,8,8,0.9749575527109338
6043,5,5,5,0.9944621883553161
6057,0,0,0,0.9979843819987845
6059,9,9,9,0.9992147878958628
6087,4,4,4,0.9938149663823597
6099,7,7,7,0.9970852845519252
6126,3,3,3,0.9837396667730174
6132,7,7,7,0.9983261766342016
6136,9,9,9,0.9902760631586673
6142,5,5,5,0.997747444542202
6149,7,7,7,0.9966211638154363
6156,9,9,9,0.9925245997115705
6165,5,5,5,0.9971441341751426
6167,9,9,9,0.9941869102991544
6172,1,1,1,0.9988954234758073
6175,3,3,3,0.9924617135489481
6188,9,9,9,0.9992613783602179
6237,3,3,3,0.9933643731668856
6238,8,8,8,0.9788996470574092
6241,0,0,0,0.950240198500763
6287,5,5,5,0.9802430186574981
6304,0,0,0,0.9880908435794729
6305,6,6,6,0.9794885988771562
6315,6,6,6,0.9992508492349873
6345,3,3,3,0.9874609764334719
6352,2,2,2,0.9971385964098767
6377,9,9,9,0.997855889462155
6378,5,5,5,0.9672740897130684
6387,2,2,2,0.9888526205656797
6391,9,9,9,0.9928783639471912
6394,0,0,0,0.9554455196980894
6395,8,8,8,0.9862829505868212
6400,0,0,0,0.9737683486127289
6446,4,4,4,0.9424987804343009
6450,0,0,0,0.9933828514884915
6456,2,2,2,0.9288906440491507
6463,8,8,8,0.9554190084602706
6464,1,1,1,0.9987076371908188
6478,7,7,7,0.9936340150572139
6483,6,6,6,0.9953247013353032
6502,6,6,6,0.995725883358329
6503,6,6,6,0.9944024363742072
6548,0,0,0,0.9936525960998422
6568,2,2,2,0.9424512853636544
6582,4,4,4,0.9980260350647763
6595,2,2,2,0.9788440255194726
6626,2,2,2,0.9871293101790388
6628,4,4,4,0.8015543138663445
6638,1,1,1,0.9950302553600108
6689,8,8,8,0.9948498529971704
6706,6,6,6,0.9634972547109311
6728,1,1,1,0.9960195593227296
6734,8,8,8,0.9836449545516065
6761,5,5,5,0.9991484724381972
6766,8,8,8,0.9968282280588997
6768,2,2,2,0.9583344841320839
6777,2,2,2,0.9942212871016836
6781,3,3,3,0.781860301833181
6807,7,7,7,0.998290268274454
6809,6,6,6,0.9782288906842294
6817,1,1,1,0.999621705367015
6821,0,0,0,0.9819708958532684
6843,1,1,1,0.9937730534718587
6856,6,6,6,0.9976788611983406
6869,5,5,5,0.5566955383608019
6873,3,3,3,0.9919039930641298
6889,5,5,5,0.9823046525466371
6893,3,3,3,0.9964487472405801
6895,2,2,2,0.9890391612370338
6910,7,7,7,0.9983490404821712
6911,6,6,6,0.9988256950350203
6919,4,4,4,0.9430610614239111
6929,5,5,5,0.9807792239816937
6933,0,0,0,0.984831635944942
6941,4,4,4,0.996653310028759
6963,9,9,9,0.9968658559597455
6968,8,8,8,0.9948950759052525
6981,2,2,2,0.9985478527447176
6986,5,5,5,0.9972013786170609
6987,8,8,8,0.989389408181405
6992,4,4,4,0.9786993148764209
6996,0,0,0,0.9574376336304393
7006,6,6,6,0.9987273100741516
7020,7,7,7,0.9986034497706848
7042,8,8,8,0.9465160103591942
7060,8,8,8,0.9726440284908171
7071,1,1,1,0.9989128689441455
7078,7,7,7,0.9950466501642261
7085,5,5,5,0.9930353734267534
7121,9,9,9,0.9977258743619072
7146,0,0,0,0.9968479394736375
7148,0,0,0,0.9465877226823886
7158,7,7,7,0.9985961565780922
7172,4,4,4,0.9781399106485604
7183,6,6,6,0.9284026257737854
7203,5,5,5,0.9283034001978544
7213,6,6,6,0.9875655854947468
7221,3,3,3,0.988076740115352
7229,2,2,2,0.9959611188201509
7245,4,4,4,0.9892997963012323
7263,5,5,5,0.9908138212014937
7264,4,4,4,0.998688327754743
7277,4,4,4,0.9136431965337702
7318,4,4,4,0.9974518317795364
7327,4,4,4,0.9960768102894167
7328,4,4,4,0.9921920251916851
7341,4,4,4,0.9877536221897814
7342,7,7,7,0.9981177794862781
7354,0,0,0,0.998637076842009
7359,1,1,1,0.9965548008327654
7388,7,7,7,0.996846923108637
7395,2,2,2,0.979982048184914
7414,8,8,8,0.8067121300736123
7420,3,3,3,0.9987569577418841
7421,5,5,5,0.9906754120743486
7425,2,2,2,0.9833078346485217
7432,7,7,7,0.9966337755763319
7435,7,7,7,0.9926056506542059
7438,5,5,5,0.984205092992303
7449,0,0,0,0.9518561687695204
7467,6,6,6,0.9820834154913411
7472,1,1,1,0.9964099835009265
7504,6,6,6,0.9968828307630042
7507,7,7,7,0.994454794028807
7516,1,1,1,0.9997279783325083
7518,3,3,3,0.9869990054319596
7530,2,2,2,0.9716985059913094
7554,7,7,7,0.9922548878122364
7562,2,2,2,0.9860890647892416
7563,9,9,9,0.998709146793072
7593,6,6,6,0.973029471977928
7623,1,1,1,0.9961457390051621
7625,7,7,7,0.9926838937419407
7627,3,3,3,0.9677344642623642
7653,8,8,8,0.9984026664107509
7681,0,0,0,0.9961337309617263
7702,4,4,4,0.9956905956451709
7708,2,2,2,0.998343478381281
7713,5,5,5,0.9904550001818753
7717,3,3,3,0.63534674021972
7755,7,7,7,0.9981534599199803
7825,3,3,3,0.9991658763772637
7828,5,5,5,0.9953611227711276
7834,5,5,5,0.9986683116156674
7837,7,7,7,0.9991833309273748
7872,9,9,9,0.9977839261117066
7876,1,1,1,0.9993909022511815
7889,1,1,1,0.9971254967902539
7891,6,6,6,0.9979230007652701
7894,1,1,1,0.9985826308205283
7898,1,1,1,0.999795571674962
7900,0,0,0,0.9926651398811115
7903,1,1,1,0.9969500571312989
7920,9,9,9,0.9979201679575372
7924,3,3,3,0.882828421802563
7925,0,0,0,0.9851048072061596
7929,0,0,0,0.9754622596696284
7937,1,1,1,0.9993054805951711
7938,2,2,2,0.9953897021402268
7944,2,2,2,0.9976370523314504
7951,2,2,2,0.9878052812532561
7958,5,5,5,0.9515771058184155
7961,3,3,3,0.9937393980089729
7963,7,7,7,0.9979623673406578
7969,6,6,6,0.9591557888766012
7972,5,5,5,0.9972203885309795
7984,8,8,8,0.9977314488069545
7987,0,0,0,0.9909924585261994
8005,1,1,1,0.9995736988514838
8009,5,5,5,0.9945191445611637
8010,2,2,2,0.958494191162685
8017,0,0,0,0.9955346023542642
8019,3,3,3,0.993758995945637
8020,6,6,6,0.955584619965779
8023,3,3,3,0.9773510615148487
8024,0,0,0,0.992576294573101
8026,0,0,0,0.995842795488397
8032,1,1,1,0.9955018404320147
8047,0,0,0,0.8084968081592808
8052,7,7,7,0.9960579750453227
8056,1,1,1,0.989394966755393
8060,6,6,6,0.9974873241411863
8062,2,2,2,0.9019998701719137
8063,0,0,0,0.9794599184623132
8081,6,6,6,0.9982395985070065
8083,9,9,9,0.9964994794341939
8085,2,2,2,0.9250279960371334
8095,2,2,2,0.9886815485340603
8109,2,2,2,0.9917466875893124
8133,8,8,8,0.994408523189951
8142,7,7,7,0.9872430585897886
8152,8,8,8,0.9920243342247235
8182,8,8,8,0.9926165875774868
8191,6,6,6,0.9936737039032773
8209,2,2,2,0.9798098586543778
8222,1,1,1,0.9949118432384976
8241,3,3,3,0.8564568330814852
8252,2,2,2,0.9981243756748516
8272,9,9,9,0.9960698010124398
8278,8,8,8,0.9966237403937346
8285,9,9,9,0.9962555507760076
8290,8,8,8,0.993882507526663
8294,8,8,8,0.9990205062035273
8302,3,3,3,0.9970445812806575
8333,1,1,1,0.9833064754686413
8340,5,5,5,0.9645565163630706
8342,1,1,1,0.9984220686925234
8353,7,7,7,0.998014100204558
8360,7,7,7,0.9953880382360086
8361,8,8,9,0.5486522383979552
8376,7,7,7,0.9768985144838074
8377,8,8,8,0.9888725549688001
8412,2,2,2,0.9959014450480952
8422,2,2,2,0.9910731245074752
8433,3,3,3,0.9672857533545184
8434,9,9,9,0.9982721872583649
8441,8,8,8,0.993492013780323
8442,6,6,6,0.9921405029720103
8463,1,1,1,0.9981412735916454
8471,0,0,0,0.9578896237195597
8489,1,1,1,0.9986244994684084
8507,8,8,8,0.992131473221017
8518,9,9,9,0.9884883527748684
8532,3,3,3,0.9725455983856021
8555,5,5,5,0.9946700216397731
8583,8,8,8,0.9903872854258182
8597,5,5,5,0.9848003871518479
8642,3,3,3,0.994840018318955
8659,4,4,4,0.9470007722018033
8665,3,3,3,0.9905369062219146
8672,7,7,7,0.9951601110442856
8681,2,2,2,0.930634904983481
8682,5,5,5,0.9615934213413995
8708,7,7,7,0.943122593344316
8711,4,4,4,0.9910051967265338
8717,8,8,8,0.9861827945920842
8721,6,6,6,0.9970275511932091
8732,8,8,8,0.9879068619400792
8741,1,1,1,0.9936054046513766
8744,1,1,1,0.9994730971444993
8754,3,3,3,0.9909950559132198
8767,7,7,7,0.9970898508320193
8799,1,1,1,0.9927433996334584
8816,7,7,7,0.9950687809456029
8823,4,4,4,0.9965995221272023
8842,4,4,4,0.9922487741920369
8866,1,1,1,0.9967058367983124
8869,5,5,5,0.9882887537486454
8880,1,1,1,0.9997590614493782
8895,0,0,0,0.9959364682435989
8919,7,7,7,0.9535984627946594
8925,0,0,0,0.66534760524691
8926,4,4,4,0.9968282593601554
8942,6,6,6,0.9936176490854229
8954,2,2,2,0.998676882516703
8976,7,7,7,0.9853946901637421
8990,1,1,1,0.9999007806622771
8999,3,3,3,0.9798320943610908
9000,8,8,8,0.9827046240927905
9006,6,6,6,0.9592464049539623
9017,0,0,0,0.988002479958111
9019,9,9,9,0.9955788881644695
9020,7,7,7,0.9972635012935605
9021,0,0,0,0.9961683223762455
9022,3,3,3,0.9962454113734545
9026,9,9,9,0.9938553822992822
9040,2,2,2,0.9560061284952616
9048,0,0,0,0.9755498232573447
9064,1,1,1,0.9948943177094827
9073,4,4,4,0.9792251848786541
9081,7,7,7,0.9976142162578345
9083,8,8,8,0.9775823790293473
9084,5,5,5,0.9973597220591539
9096,9,9,9,0.9992861812989388
9106,6,6,6,0.9931897281189642
9113,1,1,1,0.9997333181503962
9117,9,9,9,0.9981939135747548
9121,3,3,3,0.9077406551181917
9125,1,1,1,0.9988542879826924
9130,8,8,8,0.9974514042308344
9135,7,7,7,0.9894126039990306
9136,6,6,6,0.9986284177684219
9152,4,4,4,0.9840808680071633
9157,3,3,3,0.9891365762998366
9158,8,8,8,0.9933200364811181
9176,8,8,8,0.9946394572420233
9185,1,1,1,0.9654977143516202
9187,4,4,4,0.983132401602508
9206,8,8,8,0.9962087551341254
9231,7,7,7,0.9696872788068105
9236,9,9,9,0.9968507701652289
9242,7,7,7,0.9967841773167164
9245,1,1,1,0.9992578657421135
9249,9,9,9,0.9997275769710541
9250,3,3,3,0.9965407384570534
9251,6,6,6,0.9982534968817728
9257,5,5,5,0.9948827835935108
9261,5,5,5,0.9958373956250016
9277,3,3,3,0.9956971203258052
9297,2,2,2,0.982662376743802
9325,6,6,6,0.9950628683588209
9335,4,4,4,0.9944673826003215
9348,5,5,5,0.9949852767780688
9388,3,3,3,0.994901290923886
9396,5,5,5,0.9977907616887572
9401,9,9,9,0.9983934074111239
9404,3,3,3,0.990317898653668
9406,5,5,5,0.9980761520784988
9413,0,0,0,0.9943358585150284
9415,0,0,0,0.9870162842541756
9417,4,4,4,0.94923966064961
9423,2,2,2,0.8918075361413077
9427,1,1,1,0.9993012274158072
9428,7,7,7,0.9683919955904667
9441,4,4,4,0.5844315390064506
9466,8,8,8,0.9929524893767735
9469,0,0,0,0.996427768786278
9476,8,8,8,0.9947285573687074
9481,2,2,2,0.9991145957503799
9504,6,6,6,0.9965289897290912
9505,3,3,5,0.4873525039773344
9506,4,4,4,0.9305773251331769
9517,9,9,9,0.997322202081511
9530,6,6,6,0.9975371450714811
9542,1,1,1,0.9915354491690912
9549,4,4,4,0.9952378320623432
9554,7,7,7,0.999030578065906
9559,1,1,1,0.998662524498426
9568,8,8,8,0.9980205886462736
9573,2,2,2,0.9950033003938269
9581,7,7,7,0.998930378249411
9615,6,6,6,0.991774947068395
9625,2,2,2,0.9741336496976706
9629,1,1,1,0.9978748070594121
9630,6,6,6,0.9979185085501191
9644,0,0,0,0.9812516134518844
9648,3,3,3,0.8544346836034605
9668,4,4,4,0.9980294568651527
9677,6,6,6,0.9991423614631744
9685,0,0,0,0.9710931676555667
9697,8,8,8,0.9797898860725426
9711,4,4,4,0.9991672052257865
9720,8,8,8,0.9934488667186195
9729,4,4,4,0.9879108371113884
9733,7,7,7,0.9960594927594506
9745,3,3,3,0.9549431538969807
9758,6,6,6,0.9934995521807811
9761,5,5,5,0.9737298732854911
9762,6,6,6,0.994587991540954
9774,5,5,5,0.9960555300204712
9784,8,8,8,0.9994355528312322
9790,8,8,8,0.9678426162731013
9803,1,1,1,0.9987816487014647
9823,5,5,5,0.9689237414556142
9824,1,1,1,0.9995255783288437
9830,1,1,1,0.9980374011238651
9848,2,2,2,0.9996976585254161
9854,9,9,9,0.9991741638035464
9855,7,7,7,0.9733989679601771
9858,4,4,4,0.9880294050338
9880,7,7,7,0.9679541767701595
9898,9,9,9,0.9987196709806397
9928,5,5,5,0.9888899118237241
9937,4,4,4,0.9989497357395274
9938,9,9,9,0.9959840884751822
9952,5,5,5,0.9994980159419529
9971,9,9,9,0.9968822258993013
9980,0,0,0,0.9665843730671166
9990,7,7,7,0.9978333097943187
